등급,어휘,품사,어종,원어,의미,日本語訳,定義,外来語_カタカナ候補,外来語_原語候補,品質フラグ,tags
1등급,가,명사,고유어,,"「1」경계에 가까운 바깥쪽 부분.
「2」어떤 중심 되는 곳에서 가까운 부분.
「3」그릇 따위의 아가리의 주변.
「4」‘주변’의 뜻을 나타내는 말.",,"「1」경계에 가까운 바깥쪽 부분.
「2」어떤 중심 되는 곳에서 가까운 부분.
「3」그릇 따위의 아가리의 주변.
「4」‘주변’의 뜻을 나타내는 말.",,,needs_manual_review,source:level1 grade:1 type:native risk:needs_manual_review
1등급,가게,명사,고유어,,"「1」작은 규모로 물건을 파는 집.
「2」길거리에 임시로 물건을 벌여 놓고 파는 곳.",,"「1」작은 규모로 물건을 파는 집.
「2」길거리에 임시로 물건을 벌여 놓고 파는 곳.",,,needs_manual_review,source:level1 grade:1 type:native risk:needs_manual_review
1등급,가까워지다,동사,고유어,,"[1]어느 한 곳에서 다른 곳까지의 거리가 짧아지다.
[2]어떤 시간이나 날짜 사이의 간격이 짧아지다.
[3]서로의 사이가 점점 다정하고 친하게 되다.
[4]「1」어떤 기준점에 다다른 상태가 되다.
[4]「2」성질이나 특성이 기준이 되는 것과 점점 비슷하게 되다.
[5]소리가 점점 크고 분명하게 느껴지다.",,"[1]어느 한 곳에서 다른 곳까지의 거리가 짧아지다.
[2]어떤 시간이나 날짜 사이의 간격이 짧아지다.
[3]서로의 사이가 점점 다정하고 친하게 되다.
[4]「1」어떤 기준점에 다다른 상태가 되다.
[4]「2」성질이나 특성이 기준이 되는 것과 점점 비슷하게 되다.
[5]소리가 점점 크고 분명하게 느껴지다.",,,needs_manual_review,source:level1 grade:1 type:native risk:needs_manual_review
1등급,가까이,부사,고유어,,"[Ⅰ]「1」한 지점에서 거리가 조금 떨어져 있는 상태로.
[Ⅰ]「2」일정한 때를 기준으로 그때에 약간 못 미치는 상태로.
[Ⅰ]「3」사람과 사람의 사이가 친밀한 상태로.
[Ⅱ]가까운 곳.",,"[Ⅰ]「1」한 지점에서 거리가 조금 떨어져 있는 상태로.
[Ⅰ]「2」일정한 때를 기준으로 그때에 약간 못 미치는 상태로.
[Ⅰ]「3」사람과 사람의 사이가 친밀한 상태로.
[Ⅱ]가까운 곳.",,,multi_pos|needs_manual_review,source:level1 grade:1 type:native risk:multi_pos risk:needs_manual_review
1등급,가깝다,형용사,고유어,,"[1]어느 한 곳에서 다른 곳까지의 거리가 짧다.
[2]서로의 사이가 다정하고 친하다.
[3]「1」어떤 기준점에 다다른 상태이다.
[3]「2」성질이나 특성이 기준이 되는 것과 비슷하다.
[4]「1」어떤 시간이나 날짜까지의 간격이 짧다.
[4]「2」촌수가 멀지 않다.",,"[1]어느 한 곳에서 다른 곳까지의 거리가 짧다.
[2]서로의 사이가 다정하고 친하다.
[3]「1」어떤 기준점에 다다른 상태이다.
[3]「2」성질이나 특성이 기준이 되는 것과 비슷하다.
[4]「1」어떤 시간이나 날짜까지의 간격이 짧다.
[4]「2」촌수가 멀지 않다.",,,needs_manual_review,source:level1 grade:1 type:native risk:needs_manual_review
1등급,가꾸다,동사,고유어,,"[1]「1」식물이나 그것을 기르는 장소 따위를 손질하고 보살피다.
[1]「2」몸을 잘 매만지거나 꾸미다.
[1]「3」좋은 상태로 만들려고 보살피고 꾸려 가다.
[2]쓸모없는 땅을 쓸모 있는 땅으로 바꾸다.",,"[1]「1」식물이나 그것을 기르는 장소 따위를 손질하고 보살피다.
[1]「2」몸을 잘 매만지거나 꾸미다.
[1]「3」좋은 상태로 만들려고 보살피고 꾸려 가다.
[2]쓸모없는 땅을 쓸모 있는 땅으로 바꾸다.",,,needs_manual_review,source:level1 grade:1 type:native risk:needs_manual_review
1등급,가끔,부사,고유어,,시간적ㆍ공간적 간격이 얼마쯤씩 있게.,,시간적ㆍ공간적 간격이 얼마쯤씩 있게.,,,needs_manual_review,source:level1 grade:1 type:native risk:needs_manual_review
1등급,가난,명사,고유어,,살림살이가 넉넉하지 못함. 또는 그런 상태.,,살림살이가 넉넉하지 못함. 또는 그런 상태.,,,needs_manual_review,source:level1 grade:1 type:native risk:needs_manual_review
1등급,가난하다,형용사,고유어,,살림살이가 넉넉하지 못하여 몸과 마음이 괴로운 상태에 있다.,,살림살이가 넉넉하지 못하여 몸과 마음이 괴로운 상태에 있다.,,,needs_manual_review,source:level1 grade:1 type:native risk:needs_manual_review
1등급,가늘다,형용사,고유어,,"「1」물체의 지름이 보통의 경우에 미치지 못하고 짧다.
「2」소리의 울림이 보통에 미치지 못하고 약하다.
「3」물체의 굵기가 보통에 미치지 못하고 잘다.
「4」빛이나 연기 따위가 희미하고 약하다.
「5」표정이 얼굴에 나타날 듯 말 듯 약하다.
「6」사이가 좁고 촘촘하다.
「7」움직이는 정도가 아주 약하다.",,"「1」물체의 지름이 보통의 경우에 미치지 못하고 짧다.
「2」소리의 울림이 보통에 미치지 못하고 약하다.
「3」물체의 굵기가 보통에 미치지 못하고 잘다.
「4」빛이나 연기 따위가 희미하고 약하다.
「5」표정이 얼굴에 나타날 듯 말 듯 약하다.
「6」사이가 좁고 촘촘하다.
「7」움직이는 정도가 아주 약하다.",,,needs_manual_review,source:level1 grade:1 type:native risk:needs_manual_review
1등급,가다,동사,고유어,,"[Ⅰ][1]「1」한곳에서 다른 곳으로 장소를 이동하다.
[Ⅰ][1]「2」수레, 배, 자동차, 비행기 따위가 운행하거나 다니다.
[Ⅰ][1]「3」지금 있는 곳에서 어떠한 목적을 가지고 다른 곳으로 옮기다.
[Ⅰ][1]「4」직업이나 학업, 복무 따위로 해서 다른 곳으로 옮기다.
[Ⅰ][2]「1」직책이나 자리를 옮기다.
[Ⅰ][2]「2」물건이나 권리 따위가 누구에게 옮겨지다.
[Ⅰ][2]「3」관심이나 눈길 따위가 쏠리다.
[Ⅰ][2]「4」말이나 소식 따위가 알려지거나 전하여지다.
[Ⅰ][2]「5」그러한 상태가 생기거나 일어나다.
[Ⅰ][3]일정한 목적을 가진 모임에 참석하기 위하여 이동하다.
[Ⅰ][4]「1」어떤 상태나 상황을 향하여 나아가다.
[Ⅰ][4]「2」한쪽으로 흘러가다.
[Ⅰ][4]「3」동력원으로 하여 작동하다.
[Ⅰ][4]「4」물체가 한쪽으로 기울어지다.
[Ⅰ][5]「1」금, 줄, 주름살, 흠집 따위가 생기다.
[Ⅰ][5]「2」건강에 해가 되다.
[Ⅰ][5]「3」일정한 시간이 되거나 일정한 곳에 이르다.
[Ⅰ][5]「4」일정한 대상에 미치어 작용하다.
[Ⅰ][5]「5」어떤 일을 하는 데 수고가 많이 들다.
[Ⅰ][6]「1」어떤 대상이 다른 곳으로 이동하여 사라지다.
[Ⅰ][6]「2」지나거나 흐르다.
[Ⅰ][6]「3」기계 따위가 제대로 작동하다.
[Ⅰ][6]「4」외부의 충격이나 영향으로 정신을 제대로 차리지 못하는 혼미한 상태가 되다.
[Ⅰ][6]「5」전기 따위가 꺼지거나 통하지 않다.
[Ⅰ][6]「6」(완곡하게) 사람이 죽다.
[Ⅰ][7]「1」어떤 일에 대하여 납득이나 이해, 짐작 따위가 되다.
[Ⅰ][7]「2」가치나 값, 순위 따위를 나타내는 말과 결합하여 어떤 대상을 기준으로 해서 어느 정도까지 이르다.
[Ⅰ][7]「3」원래의 상태를 잃고 상하거나 변질되다.
[Ⅰ][7]「4」때나 얼룩이 잘 빠지다.
[Ⅰ][8]어떤 경로를 통하여 움직이다.
[Ⅰ][9]「1」어떤 일을 하기 위하여 다른 곳으로 이동하다.
[Ⅰ][9]「2」노름이나 내기에서 얼마의 액수를 판돈으로 걸다.
[Ⅰ][10]어떤 현상이나 상태가 유지되다.
[Ⅱ]말하는 이, 또는 말하는 이가 정하는 어떤 기준점에서 멀어지면서 앞말이 뜻하는 행동이나 상태가 계속 진행됨을 나타내는 말.",,"[Ⅰ][1]「1」한곳에서 다른 곳으로 장소를 이동하다.
[Ⅰ][1]「2」수레, 배, 자동차, 비행기 따위가 운행하거나 다니다.
[Ⅰ][1]「3」지금 있는 곳에서 어떠한 목적을 가지고 다른 곳으로 옮기다.
[Ⅰ][1]「4」직업이나 학업, 복무 따위로 해서 다른 곳으로 옮기다.
[Ⅰ][2]「1」직책이나 자리를 옮기다.
[Ⅰ][2]「2」물건이나 권리 따위가 누구에게 옮겨지다.
[Ⅰ][2]「3」관심이나 눈길 따위가 쏠리다.
[Ⅰ][2]「4」말이나 소식 따위가 알려지거나 전하여지다.
[Ⅰ][2]「5」그러한 상태가 생기거나 일어나다.
[Ⅰ][3]일정한 목적을 가진 모임에 참석하기 위하여 이동하다.
[Ⅰ][4]「1」어떤 상태나 상황을 향하여 나아가다.
[Ⅰ][4]「2」한쪽으로 흘러가다.
[Ⅰ][4]「3」동력원으로 하여 작동하다.
[Ⅰ][4]「4」물체가 한쪽으로 기울어지다.
[Ⅰ][5]「1」금, 줄, 주름살, 흠집 따위가 생기다.
[Ⅰ][5]「2」건강에 해가 되다.
[Ⅰ][5]「3」일정한 시간이 되거나 일정한 곳에 이르다.
[Ⅰ][5]「4」일정한 대상에 미치어 작용하다.
[Ⅰ][5]「5」어떤 일을 하는 데 수고가 많이 들다.
[Ⅰ][6]「1」어떤 대상이 다른 곳으로 이동하여 사라지다.
[Ⅰ][6]「2」지나거나 흐르다.
[Ⅰ][6]「3」기계 따위가 제대로 작동하다.
[Ⅰ][6]「4」외부의 충격이나 영향으로 정신을 제대로 차리지 못하는 혼미한 상태가 되다.
[Ⅰ][6]「5」전기 따위가 꺼지거나 통하지 않다.
[Ⅰ][6]「6」(완곡하게) 사람이 죽다.
[Ⅰ][7]「1」어떤 일에 대하여 납득이나 이해, 짐작 따위가 되다.
[Ⅰ][7]「2」가치나 값, 순위 따위를 나타내는 말과 결합하여 어떤 대상을 기준으로 해서 어느 정도까지 이르다.
[Ⅰ][7]「3」원래의 상태를 잃고 상하거나 변질되다.
[Ⅰ][7]「4」때나 얼룩이 잘 빠지다.
[Ⅰ][8]어떤 경로를 통하여 움직이다.
[Ⅰ][9]「1」어떤 일을 하기 위하여 다른 곳으로 이동하다.
[Ⅰ][9]「2」노름이나 내기에서 얼마의 액수를 판돈으로 걸다.
[Ⅰ][10]어떤 현상이나 상태가 유지되다.
[Ⅱ]말하는 이, 또는 말하는 이가 정하는 어떤 기준점에서 멀어지면서 앞말이 뜻하는 행동이나 상태가 계속 진행됨을 나타내는 말.",,,multi_pos|needs_manual_review,source:level1 grade:1 type:native risk:multi_pos risk:needs_manual_review
1등급,가두다,동사,고유어,,"「1」사람이나 동물을 벽으로 둘러싸거나 울타리가 있는 일정한 장소에 넣고 밖으로 나오지 못하게 하다.
「2」물 따위를 일정한 곳에 괴어 있게 하다.",,"「1」사람이나 동물을 벽으로 둘러싸거나 울타리가 있는 일정한 장소에 넣고 밖으로 나오지 못하게 하다.
「2」물 따위를 일정한 곳에 괴어 있게 하다.",,,needs_manual_review,source:level1 grade:1 type:native risk:needs_manual_review
1등급,가득,부사,고유어,,"「1」분량이나 수효 따위가 어떤 범위나 한도에 꽉 찬 모양.
「2」빈 데가 없을 만큼 사람이나 물건 따위가 많은 모양.
「3」냄새나 빛 따위가 공간에 널리 퍼져 있는 상태.
「4」감정이나 정서, 생각 따위가 많거나 강한 모양.",,"「1」분량이나 수효 따위가 어떤 범위나 한도에 꽉 찬 모양.
「2」빈 데가 없을 만큼 사람이나 물건 따위가 많은 모양.
「3」냄새나 빛 따위가 공간에 널리 퍼져 있는 상태.
「4」감정이나 정서, 생각 따위가 많거나 강한 모양.",,,needs_manual_review,source:level1 grade:1 type:native risk:needs_manual_review
1등급,가득하다,형용사,고유어,,"「1」분량이나 수효 따위가 어떤 범위나 한도에 꽉 찬 상태에 있다.
「2」빈 데가 없을 만큼 사람이나 물건 따위가 많다.
「3」냄새나 빛 따위가 공간에 널리 퍼져 있다.
「4」감정이나 정서, 생각 따위가 많거나 강하다.",,"「1」분량이나 수효 따위가 어떤 범위나 한도에 꽉 찬 상태에 있다.
「2」빈 데가 없을 만큼 사람이나 물건 따위가 많다.
「3」냄새나 빛 따위가 공간에 널리 퍼져 있다.
「4」감정이나 정서, 생각 따위가 많거나 강하다.",,,needs_manual_review,source:level1 grade:1 type:native risk:needs_manual_review
1등급,가라앉다,동사,고유어,,"[1]「1」물 따위에 떠 있거나 섞여 있는 것이 밑바닥으로 내려앉다.
[1]「2」안개나 연기 따위가 낮게 드리우다.
[2]「1」바람이나 물결이 잠잠해지다.
[2]「2」흥분이나 아픔, 괴로움 따위가 수그러들거나 사라지다.
[2]「3」숨결이나 기침 따위가 순하게 되다.
[2]「4」붓거나 부풀었던 것이 줄어들어 본래의 모습대로 되다.
[2]「5」떠들썩하던 것이 조용해지다.
[2]「6」세차게 일어나던 것이 뜸해지다.
[2]「7」성하던 것이 활기를 잃은 상태로 되다.",,"[1]「1」물 따위에 떠 있거나 섞여 있는 것이 밑바닥으로 내려앉다.
[1]「2」안개나 연기 따위가 낮게 드리우다.
[2]「1」바람이나 물결이 잠잠해지다.
[2]「2」흥분이나 아픔, 괴로움 따위가 수그러들거나 사라지다.
[2]「3」숨결이나 기침 따위가 순하게 되다.
[2]「4」붓거나 부풀었던 것이 줄어들어 본래의 모습대로 되다.
[2]「5」떠들썩하던 것이 조용해지다.
[2]「6」세차게 일어나던 것이 뜸해지다.
[2]「7」성하던 것이 활기를 잃은 상태로 되다.",,,needs_manual_review,source:level1 grade:1 type:native risk:needs_manual_review
1등급,가래,명사,고유어,,허파에서 후두에 이르는 사이에서 생기는 끈끈한 분비물. 잿빛 흰색 또는 누런 녹색의 차진 풀같이 생겼으며 기침 따위에 의해서 밖으로 나온다.,,허파에서 후두에 이르는 사이에서 생기는 끈끈한 분비물. 잿빛 흰색 또는 누런 녹색의 차진 풀같이 생겼으며 기침 따위에 의해서 밖으로 나온다.,,,needs_manual_review,source:level1 grade:1 type:native risk:needs_manual_review
1등급,가렵다,형용사,고유어,,"「1」피부에 긁고 싶은 느낌이 있다.
「2」못 견딜 정도로 어떤 말을 하거나 어떤 일을 하고 싶은 느낌이 있다.",,"「1」피부에 긁고 싶은 느낌이 있다.
「2」못 견딜 정도로 어떤 말을 하거나 어떤 일을 하고 싶은 느낌이 있다.",,,needs_manual_review,source:level1 grade:1 type:native risk:needs_manual_review
1등급,가로,명사,고유어,,"[Ⅰ]왼쪽에서 오른쪽으로 나 있는 방향. 또는 그 길이.
[Ⅱ]왼쪽에서 오른쪽의 방향으로. 또는 옆으로 길게.",,"[Ⅰ]왼쪽에서 오른쪽으로 나 있는 방향. 또는 그 길이.
[Ⅱ]왼쪽에서 오른쪽의 방향으로. 또는 옆으로 길게.",,,multi_pos|needs_manual_review,source:level1 grade:1 type:native risk:multi_pos risk:needs_manual_review
1등급,가로막다,동사,고유어,,"「1」앞을 가로질러 막다.
「2」말이나 행동, 일 따위를 제대로 하지 못하도록 방해하거나 막다.
「3」앞이 보이지 않도록 가리다.",,"「1」앞을 가로질러 막다.
「2」말이나 행동, 일 따위를 제대로 하지 못하도록 방해하거나 막다.
「3」앞이 보이지 않도록 가리다.",,,needs_manual_review,source:level1 grade:1 type:native risk:needs_manual_review
1등급,가루,명사,고유어,,딱딱한 물건을 보드라울 정도로 잘게 부수거나 갈아서 만든 것.,,딱딱한 물건을 보드라울 정도로 잘게 부수거나 갈아서 만든 것.,,,needs_manual_review,source:level1 grade:1 type:native risk:needs_manual_review
1등급,가르다,동사,고유어,,"[1]쪼개거나 나누어 따로따로 되게 하다.
[2]「1」물체가 공기나 물을 양옆으로 열며 움직이다.
[2]「2」옳고 그름을 따져서 구분하다.
[2]「3」승부나 등수 따위를 서로 겨루어 정하다.
[2]「4」양쪽으로 열어젖히다.",,"[1]쪼개거나 나누어 따로따로 되게 하다.
[2]「1」물체가 공기나 물을 양옆으로 열며 움직이다.
[2]「2」옳고 그름을 따져서 구분하다.
[2]「3」승부나 등수 따위를 서로 겨루어 정하다.
[2]「4」양쪽으로 열어젖히다.",,,needs_manual_review,source:level1 grade:1 type:native risk:needs_manual_review
1등급,가르치다,동사,고유어,,"[1]「1」지식이나 기능, 이치 따위를 깨닫게 하거나 익히게 하다.
[1]「2」그릇된 버릇 따위를 고치어 바로잡다.
[1]「3」교육 기관에 보내 교육을 받게 하다.
[2]「1」상대편이 아직 모르는 일을 알도록 일러 주다.
[2]「2」사람의 도리나 바른길을 일깨우다.",,"[1]「1」지식이나 기능, 이치 따위를 깨닫게 하거나 익히게 하다.
[1]「2」그릇된 버릇 따위를 고치어 바로잡다.
[1]「3」교육 기관에 보내 교육을 받게 하다.
[2]「1」상대편이 아직 모르는 일을 알도록 일러 주다.
[2]「2」사람의 도리나 바른길을 일깨우다.",,,needs_manual_review,source:level1 grade:1 type:native risk:needs_manual_review
1등급,가르침,명사,고유어,,"도리나 지식, 사상, 기술 따위를 알게 함. 또는 그 내용.",,"도리나 지식, 사상, 기술 따위를 알게 함. 또는 그 내용.",,,needs_manual_review,source:level1 grade:1 type:native risk:needs_manual_review
1등급,가리다,동사,고유어,,보이거나 통하지 못하도록 막다.,,보이거나 통하지 못하도록 막다.,,,needs_manual_review,source:level1 grade:1 type:native risk:needs_manual_review
1등급,가리다,동사,고유어,,"「1」여럿 가운데서 하나를 구별하여 고르다.
「2」낯선 사람을 대하기 싫어하다.
「3」잘잘못이나 좋은 것과 나쁜 것 따위를 따져서 분간하다.
「4」똥오줌을 눌 곳에 누다.
「5」치러야 할 셈을 따져서 갚아 주다.
「6」음식을 골라서 먹다.
「7」머리를 대강 빗다.
「8」자기 일을 알아서 스스로 처리하다.",,"「1」여럿 가운데서 하나를 구별하여 고르다.
「2」낯선 사람을 대하기 싫어하다.
「3」잘잘못이나 좋은 것과 나쁜 것 따위를 따져서 분간하다.
「4」똥오줌을 눌 곳에 누다.
「5」치러야 할 셈을 따져서 갚아 주다.
「6」음식을 골라서 먹다.
「7」머리를 대강 빗다.
「8」자기 일을 알아서 스스로 처리하다.",,,needs_manual_review,source:level1 grade:1 type:native risk:needs_manual_review
1등급,가리키다,동사,고유어,,"「1」손가락 따위로 어떤 방향이나 대상을 집어서 보이거나 말하거나 알리다.
「2」어떤 대상을 특별히 집어서 두드러지게 나타내다.",,"「1」손가락 따위로 어떤 방향이나 대상을 집어서 보이거나 말하거나 알리다.
「2」어떤 대상을 특별히 집어서 두드러지게 나타내다.",,,needs_manual_review,source:level1 grade:1 type:native risk:needs_manual_review
1등급,가만,부사,고유어,,"[Ⅰ]「1」움직이지 않거나 아무 말 없이.
[Ⅰ]「2」어떤 대책을 세우거나 손을 쓰지 않고 그냥 그대로.
[Ⅰ]「3」마음을 가다듬어 곰곰이.
[Ⅰ]「4」말없이 찬찬히.
[Ⅱ]남의 말이나 행동을 막을 때 쓰는 말.",,"[Ⅰ]「1」움직이지 않거나 아무 말 없이.
[Ⅰ]「2」어떤 대책을 세우거나 손을 쓰지 않고 그냥 그대로.
[Ⅰ]「3」마음을 가다듬어 곰곰이.
[Ⅰ]「4」말없이 찬찬히.
[Ⅱ]남의 말이나 행동을 막을 때 쓰는 말.",,,multi_pos|needs_manual_review,source:level1 grade:1 type:native risk:multi_pos risk:needs_manual_review
1등급,가만있다,동사,고유어,,"[1]몸을 움직이거나 활동하지 않고 조용히 있다.
[2]「1」어떤 대책을 세우거나 손을 쓰지 않고 잠자코 있다.
[2]「2」갑자기 떠오르지 않는 기억이나 생각을 더듬을 때에 별 뜻이 없이 하는 말.",,"[1]몸을 움직이거나 활동하지 않고 조용히 있다.
[2]「1」어떤 대책을 세우거나 손을 쓰지 않고 잠자코 있다.
[2]「2」갑자기 떠오르지 않는 기억이나 생각을 더듬을 때에 별 뜻이 없이 하는 말.",,,needs_manual_review,source:level1 grade:1 type:native risk:needs_manual_review
1등급,가만히,부사,고유어,,"「1」움직이지 않거나 아무 말 없이.
「2」어떤 대책을 세우거나 손을 쓰지 않고 그냥 그대로.
「3」마음을 가다듬어 곰곰이.
「4」말없이 찬찬히.
「5」움직임 따위가 그다지 드러나지 않을 만큼 조용하고 은은하게.",,"「1」움직이지 않거나 아무 말 없이.
「2」어떤 대책을 세우거나 손을 쓰지 않고 그냥 그대로.
「3」마음을 가다듬어 곰곰이.
「4」말없이 찬찬히.
「5」움직임 따위가 그다지 드러나지 않을 만큼 조용하고 은은하게.",,,needs_manual_review,source:level1 grade:1 type:native risk:needs_manual_review
1등급,가방,명사,고유어,,"물건을 넣어 들거나 메고 다닐 수 있게 만든 용구. 가죽이나 천, 비닐 따위로 만든다.",,"물건을 넣어 들거나 메고 다닐 수 있게 만든 용구. 가죽이나 천, 비닐 따위로 만든다.",,,needs_manual_review,source:level1 grade:1 type:native risk:needs_manual_review
1등급,가볍다,형용사,고유어,,"[1]「1」무게가 일반적이거나 기준이 되는 대상의 것보다 적다.
[1]「2」비중이나 가치, 책임 따위가 낮거나 적다.
[1]「3」죄과나 실수 따위가 그다지 심하지 않다.
[1]「4」병세나 상처 따위가 그다지 심하지 않다.
[1]「5」생각이나 언어, 행동이 침착하지 못하거나 진득하지 못하다.
[1]「6」몸이나 손발 따위의 움직임이 날쌔고 재다.
[1]「7」노력이나 부담 따위가 적다.
[1]「8」정도가 대수롭지 않고 예사롭다.
[1]「9」다루기에 힘이 들지 않고 수월하다.
[1]「10」바람이나 물결 따위의 이는 정도가 약하다.
[1]「11」닿는 정도가 약하다.
[1]「12」소리나 색깔 따위가 밝고 경쾌하다.
[1]「13」세금이나 잘못에 대한 대가로 치르는 형량, 벌금 따위가 적다.
[1]「14」옷차림이나 화장이 요란하지 않고 산뜻하거나 활동하기에 편하다.
[2]마음이 홀가분하고 경쾌하다.",,"[1]「1」무게가 일반적이거나 기준이 되는 대상의 것보다 적다.
[1]「2」비중이나 가치, 책임 따위가 낮거나 적다.
[1]「3」죄과나 실수 따위가 그다지 심하지 않다.
[1]「4」병세나 상처 따위가 그다지 심하지 않다.
[1]「5」생각이나 언어, 행동이 침착하지 못하거나 진득하지 못하다.
[1]「6」몸이나 손발 따위의 움직임이 날쌔고 재다.
[1]「7」노력이나 부담 따위가 적다.
[1]「8」정도가 대수롭지 않고 예사롭다.
[1]「9」다루기에 힘이 들지 않고 수월하다.
[1]「10」바람이나 물결 따위의 이는 정도가 약하다.
[1]「11」닿는 정도가 약하다.
[1]「12」소리나 색깔 따위가 밝고 경쾌하다.
[1]「13」세금이나 잘못에 대한 대가로 치르는 형량, 벌금 따위가 적다.
[1]「14」옷차림이나 화장이 요란하지 않고 산뜻하거나 활동하기에 편하다.
[2]마음이 홀가분하고 경쾌하다.",,,needs_manual_review,source:level1 grade:1 type:native risk:needs_manual_review
1등급,가슴,명사,고유어,,"「1」배와 목 사이의 앞부분.
「2」목과 가로막 사이의 부분. 심장, 허파 등이 있다.
「3」등뼈, 갈비뼈, 가슴뼈와 가로막으로 이루어지는 원통 모양의 부분. 심장, 허파, 식도 따위를 보호하고 흉근으로 운동하여 호흡 운동을 돕는다.
「4」마음이나 생각.
「5」윗옷의 가슴 부분.
「6」젖이 있는 가슴 부위.
「7」절지동물의 가슴 부분의 마디.",,"「1」배와 목 사이의 앞부분.
「2」목과 가로막 사이의 부분. 심장, 허파 등이 있다.
「3」등뼈, 갈비뼈, 가슴뼈와 가로막으로 이루어지는 원통 모양의 부분. 심장, 허파, 식도 따위를 보호하고 흉근으로 운동하여 호흡 운동을 돕는다.
「4」마음이나 생각.
「5」윗옷의 가슴 부분.
「6」젖이 있는 가슴 부위.
「7」절지동물의 가슴 부분의 마디.",,,needs_manual_review,source:level1 grade:1 type:native risk:needs_manual_review
1등급,가시,명사,고유어,,"「1」바늘처럼 뾰족하게 돋친 것.
「2」물고기의 잔뼈.
「3」살에 박힌 나무 따위의 가늘고 뾰족한 거스러미.
「4」남을 공격하거나 불평불만의 뜻을 담은 표현을 비유적으로 이르는 말.
「5」식물의 줄기나 잎 또는 열매를 싸고 있는 것의 겉면에 바늘처럼 뾰족하게 돋아난 것. 식물이 제 몸을 보호하기 위하여 가지나 잎이 뾰족하게 변태한 것이다.",,"「1」바늘처럼 뾰족하게 돋친 것.
「2」물고기의 잔뼈.
「3」살에 박힌 나무 따위의 가늘고 뾰족한 거스러미.
「4」남을 공격하거나 불평불만의 뜻을 담은 표현을 비유적으로 이르는 말.
「5」식물의 줄기나 잎 또는 열매를 싸고 있는 것의 겉면에 바늘처럼 뾰족하게 돋아난 것. 식물이 제 몸을 보호하기 위하여 가지나 잎이 뾰족하게 변태한 것이다.",,,needs_manual_review,source:level1 grade:1 type:native risk:needs_manual_review
1등급,가시다,동사,고유어,,"「1」어떤 상태가 없어지거나 달라지다.
「2」물 따위로 깨끗이 씻다.",,"「1」어떤 상태가 없어지거나 달라지다.
「2」물 따위로 깨끗이 씻다.",,,needs_manual_review,source:level1 grade:1 type:native risk:needs_manual_review
1등급,가엾다,형용사,고유어,,마음이 아플 만큼 안되고 처연하다.,,마음이 아플 만큼 안되고 처연하다.,,,needs_manual_review,source:level1 grade:1 type:native risk:needs_manual_review
1등급,가운데,명사,고유어,,"「1」일정한 공간이나 길이를 갖는 사물에서, 한쪽으로 치우치지 않고 양 끝에서 거의 같은 거리가 떨어져 있는 부분.
「2」양쪽의 사이.
「3」여럿으로 이루어진 일정한 범위의 안.
「4」순서에서, 처음이나 마지막이 아닌 중간.
「5」어떤 일이나 상태가 이루어지는 범위의 안.",,"「1」일정한 공간이나 길이를 갖는 사물에서, 한쪽으로 치우치지 않고 양 끝에서 거의 같은 거리가 떨어져 있는 부분.
「2」양쪽의 사이.
「3」여럿으로 이루어진 일정한 범위의 안.
「4」순서에서, 처음이나 마지막이 아닌 중간.
「5」어떤 일이나 상태가 이루어지는 범위의 안.",,,needs_manual_review,source:level1 grade:1 type:native risk:needs_manual_review
1등급,가위,명사,고유어,,"「1」옷감, 종이, 머리털 따위를 자르는 기구. 날이 있는 두 개의 쇠를 교차시켜 가운데 사북을 박고, 지레의 원리를 이용하여 다리를 벌렸다 오므렸다 하여 자른다.
「2」가위바위보에서, 집게손가락과 가운뎃손가락 또는 엄지손가락을 벌려 내미는 동작. 또는 그런 손.",,"「1」옷감, 종이, 머리털 따위를 자르는 기구. 날이 있는 두 개의 쇠를 교차시켜 가운데 사북을 박고, 지레의 원리를 이용하여 다리를 벌렸다 오므렸다 하여 자른다.
「2」가위바위보에서, 집게손가락과 가운뎃손가락 또는 엄지손가락을 벌려 내미는 동작. 또는 그런 손.",,,needs_manual_review,source:level1 grade:1 type:native risk:needs_manual_review
1등급,가을,명사,고유어,,"한 해의 네 철 가운데 셋째 철. 여름과 겨울의 사이이며, 달로는 9~11월, 절기(節氣)로는 입추부터 입동 전까지를 이른다.",,"한 해의 네 철 가운데 셋째 철. 여름과 겨울의 사이이며, 달로는 9~11월, 절기(節氣)로는 입추부터 입동 전까지를 이른다.",,,needs_manual_review,source:level1 grade:1 type:native risk:needs_manual_review
1등급,가장,부사,고유어,,여럿 가운데 어느 것보다 정도가 높거나 세게.,,여럿 가운데 어느 것보다 정도가 높거나 세게.,,,needs_manual_review,source:level1 grade:1 type:native risk:needs_manual_review
1등급,가져가다,동사,고유어,,"「1」무엇을 한 지점에서 다른 지점으로 옮겨 가다.
「2」어떤 결과나 상태로 끌고 가다.",,"「1」무엇을 한 지점에서 다른 지점으로 옮겨 가다.
「2」어떤 결과나 상태로 끌고 가다.",,,needs_manual_review,source:level1 grade:1 type:native risk:needs_manual_review
1등급,가져다주다,동사,고유어,,"「1」무엇을 옮겨다가 가지게 하다.
「2」어떤 상태나 결과를 낳게 하다.",,"「1」무엇을 옮겨다가 가지게 하다.
「2」어떤 상태나 결과를 낳게 하다.",,,needs_manual_review,source:level1 grade:1 type:native risk:needs_manual_review
1등급,가져오다,동사,고유어,,"「1」무엇을 한 지점에서 다른 지점으로 옮겨 오다.
「2」어떤 결과나 상태를 생기게 하다.",,"「1」무엇을 한 지점에서 다른 지점으로 옮겨 오다.
「2」어떤 결과나 상태를 생기게 하다.",,,needs_manual_review,source:level1 grade:1 type:native risk:needs_manual_review
1등급,가죽,명사,고유어,,"「1」동물의 몸을 감싸고 있는 질긴 껍질.
「2」동물의 몸에서 벗겨 낸 껍질을 가공해서 만든 물건.
「3」사람의 피부를 낮잡아 이르는 말.",,"「1」동물의 몸을 감싸고 있는 질긴 껍질.
「2」동물의 몸에서 벗겨 낸 껍질을 가공해서 만든 물건.
「3」사람의 피부를 낮잡아 이르는 말.",,,needs_manual_review,source:level1 grade:1 type:native risk:needs_manual_review
1등급,가지,명사,고유어,,"「1」나무나 풀의 원줄기에서 뻗어 나온 줄기.
「2」근본에서 갈라져 나온 것.
「3」단독으로 쓰이지 아니하고 항상 다른 어근(語根)이나 단어에 붙어 새로운 단어를 구성하는 부분. 접두사(接頭辭)와 접미사(接尾辭)가 있다.",,"「1」나무나 풀의 원줄기에서 뻗어 나온 줄기.
「2」근본에서 갈라져 나온 것.
「3」단독으로 쓰이지 아니하고 항상 다른 어근(語根)이나 단어에 붙어 새로운 단어를 구성하는 부분. 접두사(接頭辭)와 접미사(接尾辭)가 있다.",,,needs_manual_review,source:level1 grade:1 type:native risk:needs_manual_review
1등급,가지,의존명사,고유어,,"「1」사물을 그 성질이나 특징에 따라 종류별로 낱낱이 헤아리는 말.
「2」제기차기에서, 제기를 차기 시작해서 땅에 떨어뜨리기까지의 동안을 세는 단위.",,"「1」사물을 그 성질이나 특징에 따라 종류별로 낱낱이 헤아리는 말.
「2」제기차기에서, 제기를 차기 시작해서 땅에 떨어뜨리기까지의 동안을 세는 단위.",,,needs_manual_review,source:level1 grade:1 type:native risk:needs_manual_review
1등급,가지다,동사,고유어,,"[Ⅰ][1]「1」손이나 몸 따위에 있게 하다.
[Ⅰ][1]「2」자기 것으로 하다.
[Ⅰ][1]「3」직업, 자격증 따위를 소유하다.
[Ⅰ][1]「4」모임을 치르다.
[Ⅰ][1]「5」아이나 새끼, 알을 배 속에 지니다.
[Ⅰ][1]「6」거느리거나 모시거나 두다.
[Ⅰ][1]「7」앞에 오는 말이 수단이나 방법이 됨을 강조하여 나타낸다.
[Ⅰ][1]「8」앞에 오는 말이 대상이 됨을 강조하여 나타낸다.
[Ⅰ][2]생각, 태도, 사상 따위를 마음에 품다.
[Ⅰ][3]관계를 맺다.
[Ⅱ]앞말이 뜻하는 행동의 결과나 상태가 그대로 유지되거나, 또는 그럼으로써 뒷말의 행동이나 상태가 유발되거나 가능하게 됨을 나타내는 말.",,"[Ⅰ][1]「1」손이나 몸 따위에 있게 하다.
[Ⅰ][1]「2」자기 것으로 하다.
[Ⅰ][1]「3」직업, 자격증 따위를 소유하다.
[Ⅰ][1]「4」모임을 치르다.
[Ⅰ][1]「5」아이나 새끼, 알을 배 속에 지니다.
[Ⅰ][1]「6」거느리거나 모시거나 두다.
[Ⅰ][1]「7」앞에 오는 말이 수단이나 방법이 됨을 강조하여 나타낸다.
[Ⅰ][1]「8」앞에 오는 말이 대상이 됨을 강조하여 나타낸다.
[Ⅰ][2]생각, 태도, 사상 따위를 마음에 품다.
[Ⅰ][3]관계를 맺다.
[Ⅱ]앞말이 뜻하는 행동의 결과나 상태가 그대로 유지되거나, 또는 그럼으로써 뒷말의 행동이나 상태가 유발되거나 가능하게 됨을 나타내는 말.",,,multi_pos|needs_manual_review,source:level1 grade:1 type:native risk:multi_pos risk:needs_manual_review
1등급,간,명사,고유어,,"「1」음식물에 짠맛을 내는 물질. 소금, 간장, 된장 따위를 통틀어 이른다.
「2」음식물의 짠 정도.",,"「1」음식물에 짠맛을 내는 물질. 소금, 간장, 된장 따위를 통틀어 이른다.
「2」음식물의 짠 정도.",,,needs_manual_review,source:level1 grade:1 type:native risk:needs_manual_review
1등급,간지럽다,형용사,고유어,,"「1」무엇이 살에 닿아 가볍게 스칠 때처럼 견디기 어렵게 자리자리한 느낌이 있다.
「2」어떤 일을 하고 싶어 참고 견디기 어렵다.
「3」몹시 어색하거나 거북하거나 더럽고 치사하여 마음에 자리자리한 느낌이 있다.",,"「1」무엇이 살에 닿아 가볍게 스칠 때처럼 견디기 어렵게 자리자리한 느낌이 있다.
「2」어떤 일을 하고 싶어 참고 견디기 어렵다.
「3」몹시 어색하거나 거북하거나 더럽고 치사하여 마음에 자리자리한 느낌이 있다.",,,needs_manual_review,source:level1 grade:1 type:native risk:needs_manual_review
1등급,갇히다,동사,고유어,,"「1」사람이나 동물이 벽으로 둘러싸이거나 울타리가 있는 일정한 장소에 넣어져 밖으로 나오지 못하게 되다. ‘가두다「1」’의 피동사.
「2」어떤 공간이나 상황에 있게 되다.",,"「1」사람이나 동물이 벽으로 둘러싸이거나 울타리가 있는 일정한 장소에 넣어져 밖으로 나오지 못하게 되다. ‘가두다「1」’의 피동사.
「2」어떤 공간이나 상황에 있게 되다.",,,needs_manual_review,source:level1 grade:1 type:native risk:needs_manual_review
1등급,갈다,동사,고유어,,"「1」이미 있는 사물을 다른 것으로 바꾸다.
「2」어떤 직책에 있는 사람을 다른 사람으로 바꾸다.",,"「1」이미 있는 사물을 다른 것으로 바꾸다.
「2」어떤 직책에 있는 사람을 다른 사람으로 바꾸다.",,,needs_manual_review,source:level1 grade:1 type:native risk:needs_manual_review
1등급,갈다,동사,고유어,,"「1」날카롭게 날을 세우거나 표면을 매끄럽게 하기 위하여 다른 물건에 대고 문지르다.
「2」잘게 부수기 위하여 단단한 물건에 대고 문지르거나 단단한 물건 사이에 넣어 으깨다.
「3」먹을 풀기 위하여 벼루에 대고 문지르다.
「4」윗니와 아랫니를 맞대고 문질러 소리를 내다.",,"「1」날카롭게 날을 세우거나 표면을 매끄럽게 하기 위하여 다른 물건에 대고 문지르다.
「2」잘게 부수기 위하여 단단한 물건에 대고 문지르거나 단단한 물건 사이에 넣어 으깨다.
「3」먹을 풀기 위하여 벼루에 대고 문지르다.
「4」윗니와 아랫니를 맞대고 문질러 소리를 내다.",,,needs_manual_review,source:level1 grade:1 type:native risk:needs_manual_review
1등급,갈라지다,동사,고유어,,"[1]「1」쪼개지거나 금이 가다.
[1]「2」몹시 거칠게 되거나 날카롭게 되다.
[2]둘 이상으로 나누어지다.
[3]헤어지거나 긴밀한 관계가 끊어지다.",,"[1]「1」쪼개지거나 금이 가다.
[1]「2」몹시 거칠게 되거나 날카롭게 되다.
[2]둘 이상으로 나누어지다.
[3]헤어지거나 긴밀한 관계가 끊어지다.",,,needs_manual_review,source:level1 grade:1 type:native risk:needs_manual_review
1등급,갈매기,명사,고유어,,"「1」갈매깃과의 새를 통틀어 이르는 말. 괭이갈매기, 붉은부리갈매기, 재갈매기, 제비갈매기 따위가 있다.
「2」갈매깃과의 새. 몸의 길이는 45cm, 편 날개의 길이는 115cm 정도이다. 머리와 몸은 대체로 흰색, 등과 날개는 회색, 부리와 다리는 노란색이다. 물갈퀴가 있어 헤엄을 잘 치고 물고기를 잡아먹는다. 해안, 항구에 사는데 북반구에 분포한다.
「3」사병 또는 부사관의 계급장에서, ‘V’ 자 모양의 표지를 속되게 이르는 말.",,"「1」갈매깃과의 새를 통틀어 이르는 말. 괭이갈매기, 붉은부리갈매기, 재갈매기, 제비갈매기 따위가 있다.
「2」갈매깃과의 새. 몸의 길이는 45cm, 편 날개의 길이는 115cm 정도이다. 머리와 몸은 대체로 흰색, 등과 날개는 회색, 부리와 다리는 노란색이다. 물갈퀴가 있어 헤엄을 잘 치고 물고기를 잡아먹는다. 해안, 항구에 사는데 북반구에 분포한다.
「3」사병 또는 부사관의 계급장에서, ‘V’ 자 모양의 표지를 속되게 이르는 말.",,,needs_manual_review,source:level1 grade:1 type:native risk:needs_manual_review
1등급,갈비,명사,고유어,,"「1」소나 돼지, 닭 따위의 가슴통을 이루는 좌우 열두 개의 굽은 뼈와 살을 식용으로 이르는 말.
「2」몸이 야위어 뼈만 남은 것같이 마른 사람을 놀림조로 이르는 말.",,"「1」소나 돼지, 닭 따위의 가슴통을 이루는 좌우 열두 개의 굽은 뼈와 살을 식용으로 이르는 말.
「2」몸이 야위어 뼈만 남은 것같이 마른 사람을 놀림조로 이르는 말.",,,needs_manual_review,source:level1 grade:1 type:native risk:needs_manual_review
1등급,갈수록,부사,고유어,,시간이 흐르거나 일이 진행됨에 따라 더욱더.,,시간이 흐르거나 일이 진행됨에 따라 더욱더.,,,needs_manual_review,source:level1 grade:1 type:native risk:needs_manual_review
1등급,갈아입다,동사,고유어,,입고 있던 옷을 벗고 다른 옷으로 바꾸어 입다.,,입고 있던 옷을 벗고 다른 옷으로 바꾸어 입다.,,,needs_manual_review,source:level1 grade:1 type:native risk:needs_manual_review
1등급,갈아입히다,동사,고유어,,입고 있던 옷을 벗기고 다른 옷으로 바꾸어 입히다. ‘갈아입다’의 사동사.,,입고 있던 옷을 벗기고 다른 옷으로 바꾸어 입히다. ‘갈아입다’의 사동사.,,,needs_manual_review,source:level1 grade:1 type:native risk:needs_manual_review
1등급,감,명사,고유어,,감나무의 열매. 모양은 둥글거나 둥글넓적하고 빛이 붉다. 익기 전에는 떫은맛이 나지만 익으면 단맛이 나며 그대로 먹기도 하고 껍질을 벗겨 곶감을 만들기도 한다.,,감나무의 열매. 모양은 둥글거나 둥글넓적하고 빛이 붉다. 익기 전에는 떫은맛이 나지만 익으면 단맛이 나며 그대로 먹기도 하고 껍질을 벗겨 곶감을 만들기도 한다.,,,needs_manual_review,source:level1 grade:1 type:native risk:needs_manual_review
1등급,감기다,동사,고유어,,눈꺼풀이 내려와 눈동자가 덮이다. ‘감다01’의 피동사.,,눈꺼풀이 내려와 눈동자가 덮이다. ‘감다01’의 피동사.,,,needs_manual_review,source:level1 grade:1 type:native risk:needs_manual_review
1등급,감기다,동사,고유어,,다른 사람의 머리를 물로 씻기다. ‘감다02’의 사동사.,,다른 사람의 머리를 물로 씻기다. ‘감다02’의 사동사.,,,needs_manual_review,source:level1 grade:1 type:native risk:needs_manual_review
1등급,감다,동사,고유어,,눈꺼풀을 내려 눈동자를 덮다.,,눈꺼풀을 내려 눈동자를 덮다.,,,needs_manual_review,source:level1 grade:1 type:native risk:needs_manual_review
1등급,감다,동사,고유어,,머리나 몸을 물로 씻다.,,머리나 몸을 물로 씻다.,,,needs_manual_review,source:level1 grade:1 type:native risk:needs_manual_review
1등급,감다,동사,고유어,,"[1]「1」어떤 물체를 다른 물체에 말거나 빙 두르다.
[1]「2」(낮잡는 뜻으로) 옷을 입다.
[2]「1」시계태엽이나 테이프 따위를 작동하도록 돌리다.
[2]「2」뱀 따위가 자기 스스로를 또는 다른 물체를 빙빙 두르다.
[2]「3」씨름을 하거나 겨룰 때에 다리를 상대편의 다리에 걸다.",,"[1]「1」어떤 물체를 다른 물체에 말거나 빙 두르다.
[1]「2」(낮잡는 뜻으로) 옷을 입다.
[2]「1」시계태엽이나 테이프 따위를 작동하도록 돌리다.
[2]「2」뱀 따위가 자기 스스로를 또는 다른 물체를 빙빙 두르다.
[2]「3」씨름을 하거나 겨룰 때에 다리를 상대편의 다리에 걸다.",,,needs_manual_review,source:level1 grade:1 type:native risk:needs_manual_review
1등급,감싸다,동사,고유어,,"「1」전체를 둘러서 싸다.
「2」흉이나 허물을 덮어 주다.
「3」편을 들어서 두둔하다.",,"「1」전체를 둘러서 싸다.
「2」흉이나 허물을 덮어 주다.
「3」편을 들어서 두둔하다.",,,needs_manual_review,source:level1 grade:1 type:native risk:needs_manual_review
1등급,감자,명사,고유어,,"「1」가짓과의 여러해살이풀. 높이는 60~100cm이며, 잎은 겹잎이고 어긋난다. 초여름에 흰색 또는 자주색의 통꽃이 줄기 끝에 핀다. 비교적 찬 기후에서 잘 자라고 성장 기간이 짧다. 남아메리카 칠레가 원산지로 온대, 한대에서 널리 재배된다.
「2」‘「1」’의 덩이줄기. 둥글고 황록색ㆍ적색ㆍ갈색이며, 녹말이 많아 식용하거나 가공용으로 널리 쓴다.",,"「1」가짓과의 여러해살이풀. 높이는 60~100cm이며, 잎은 겹잎이고 어긋난다. 초여름에 흰색 또는 자주색의 통꽃이 줄기 끝에 핀다. 비교적 찬 기후에서 잘 자라고 성장 기간이 짧다. 남아메리카 칠레가 원산지로 온대, 한대에서 널리 재배된다.
「2」‘「1」’의 덩이줄기. 둥글고 황록색ㆍ적색ㆍ갈색이며, 녹말이 많아 식용하거나 가공용으로 널리 쓴다.",,,needs_manual_review,source:level1 grade:1 type:native risk:needs_manual_review
1등급,감자튀김,명사,고유어,,감자를 썰어서 기름에 튀겨 낸 음식.,,감자를 썰어서 기름에 튀겨 낸 음식.,,,needs_manual_review,source:level1 grade:1 type:native risk:needs_manual_review
1등급,감추다,동사,고유어,,"「1」남이 보거나 찾아내지 못하도록 가리거나 숨기다.
「2」어떤 사실이나 감정 따위를 남이 모르게 하다.
「3」어떤 사물이나 현상 따위가 없어지거나 사라지다.",,"「1」남이 보거나 찾아내지 못하도록 가리거나 숨기다.
「2」어떤 사실이나 감정 따위를 남이 모르게 하다.
「3」어떤 사물이나 현상 따위가 없어지거나 사라지다.",,,needs_manual_review,source:level1 grade:1 type:native risk:needs_manual_review
1등급,갑갑하다,형용사,고유어,,"「1」옷 따위가 여유 없이 달라붙거나 압박하여 유쾌하지 못한 상태에 있다.
「2」좁고 닫힌 공간 속에 있어 꽉 막힌 느낌이 있다.
「3」너무 더디거나 지루하여 견디기에 진력이 나다.
「4」가슴이나 배 속이 꽉 막힌 듯이 불편하다.
「5」일이 뜻대로 되지 않아 답답하다.",,"「1」옷 따위가 여유 없이 달라붙거나 압박하여 유쾌하지 못한 상태에 있다.
「2」좁고 닫힌 공간 속에 있어 꽉 막힌 느낌이 있다.
「3」너무 더디거나 지루하여 견디기에 진력이 나다.
「4」가슴이나 배 속이 꽉 막힌 듯이 불편하다.
「5」일이 뜻대로 되지 않아 답답하다.",,,needs_manual_review,source:level1 grade:1 type:native risk:needs_manual_review
1등급,갑자기,부사,고유어,,미처 생각할 겨를도 없이 급히.,,미처 생각할 겨를도 없이 급히.,,,needs_manual_review,source:level1 grade:1 type:native risk:needs_manual_review
1등급,값,명사,고유어,,"「1」사고파는 물건에 일정하게 매겨진 액수.
「2」물건을 사고팔 때 주고받는 돈.
「3」어떤 사물의 중요성이나 의의.
「4」노력이나 희생에 따른 대가.
「5」어떤 것에 합당한 노릇이나 구실.
「6」하나의 글자나 식이 취하는 수. 또는 그런 수치.
「7」‘가격’, ‘대금’, ‘비용’의 뜻을 나타내는 말.
「8」‘수치’의 뜻을 나타내는 말.
「9」‘-더라도’, ‘-ㄹ지언정’의 뜻을 나타내는 말.",,"「1」사고파는 물건에 일정하게 매겨진 액수.
「2」물건을 사고팔 때 주고받는 돈.
「3」어떤 사물의 중요성이나 의의.
「4」노력이나 희생에 따른 대가.
「5」어떤 것에 합당한 노릇이나 구실.
「6」하나의 글자나 식이 취하는 수. 또는 그런 수치.
「7」‘가격’, ‘대금’, ‘비용’의 뜻을 나타내는 말.
「8」‘수치’의 뜻을 나타내는 말.
「9」‘-더라도’, ‘-ㄹ지언정’의 뜻을 나타내는 말.",,,needs_manual_review,source:level1 grade:1 type:native risk:needs_manual_review
1등급,강아지,명사,고유어,,"「1」개의 새끼.
「2」주로 어린 자식이나 손주를 귀엽게 이르는 말.
「3」‘자식01[Ⅰ]「1」’을 속되게 이르는 말.
「4」죄수들의 은어로, ‘담배「3」’를 이르는 말.",,"「1」개의 새끼.
「2」주로 어린 자식이나 손주를 귀엽게 이르는 말.
「3」‘자식01[Ⅰ]「1」’을 속되게 이르는 말.
「4」죄수들의 은어로, ‘담배「3」’를 이르는 말.",,,needs_manual_review,source:level1 grade:1 type:native risk:needs_manual_review
1등급,갖가지,명사,고유어,,‘가지가지01’의 준말.,,‘가지가지01’의 준말.,,,needs_manual_review,source:level1 grade:1 type:native risk:needs_manual_review
1등급,갖다,동사,고유어,,"[Ⅰ][1]「1」‘가지다[Ⅰ][1]「1」’의 준말.
[Ⅰ][1]「2」‘가지다[Ⅰ][1]「2」’의 준말.
[Ⅰ][1]「3」‘가지다[Ⅰ][1]「3」’의 준말.
[Ⅰ][1]「4」‘가지다[Ⅰ][1]「4」’의 준말.
[Ⅰ][1]「5」‘가지다[Ⅰ][1]「5」’의 준말.
[Ⅰ][1]「6」‘가지다[Ⅰ][1]「6」’의 준말.
[Ⅰ][1]「7」‘가지다[Ⅰ][1]「7」’의 준말.
[Ⅰ][1]「8」‘가지다[Ⅰ][1]「8」’의 준말.
[Ⅰ][2]‘가지다[Ⅰ][2]’의 준말.
[Ⅰ][3]‘가지다[Ⅰ][3]’의 준말.
[Ⅱ]‘가지다[Ⅱ]’의 준말.",,"[Ⅰ][1]「1」‘가지다[Ⅰ][1]「1」’의 준말.
[Ⅰ][1]「2」‘가지다[Ⅰ][1]「2」’의 준말.
[Ⅰ][1]「3」‘가지다[Ⅰ][1]「3」’의 준말.
[Ⅰ][1]「4」‘가지다[Ⅰ][1]「4」’의 준말.
[Ⅰ][1]「5」‘가지다[Ⅰ][1]「5」’의 준말.
[Ⅰ][1]「6」‘가지다[Ⅰ][1]「6」’의 준말.
[Ⅰ][1]「7」‘가지다[Ⅰ][1]「7」’의 준말.
[Ⅰ][1]「8」‘가지다[Ⅰ][1]「8」’의 준말.
[Ⅰ][2]‘가지다[Ⅰ][2]’의 준말.
[Ⅰ][3]‘가지다[Ⅰ][3]’의 준말.
[Ⅱ]‘가지다[Ⅱ]’의 준말.",,,multi_pos|needs_manual_review,source:level1 grade:1 type:native risk:multi_pos risk:needs_manual_review
1등급,같다,형용사,고유어,,"[1]서로 다르지 않고 하나이다.
[2]「1」다른 것과 비교하여 그것과 다르지 않다.
[2]「2」그런 부류에 속한다는 뜻을 나타내는 말.
[3]「1」‘-라면’의 뜻을 나타내는 말.
[3]「2」‘기준에 합당한’의 뜻을 나타내는 말.
[3]「3」‘지금의 마음이나 형편에 따르자면’의 뜻으로 쓰여 실제로는 그렇지 못함을 나타내는 말.
[3]「4」‘그 시간에 벌어진 일이나 상황 따위가 계속된다면’의 뜻으로 쓰여 그러한 상황이 지속되지 않기를 바라는 마음을 나타내는 말.
[3]「5」혼잣말로 남을 욕할 때, 그 말과 다름없다는 뜻을 나타내는 말.
[4]추측, 불확실한 단정을 나타내는 말.",,"[1]서로 다르지 않고 하나이다.
[2]「1」다른 것과 비교하여 그것과 다르지 않다.
[2]「2」그런 부류에 속한다는 뜻을 나타내는 말.
[3]「1」‘-라면’의 뜻을 나타내는 말.
[3]「2」‘기준에 합당한’의 뜻을 나타내는 말.
[3]「3」‘지금의 마음이나 형편에 따르자면’의 뜻으로 쓰여 실제로는 그렇지 못함을 나타내는 말.
[3]「4」‘그 시간에 벌어진 일이나 상황 따위가 계속된다면’의 뜻으로 쓰여 그러한 상황이 지속되지 않기를 바라는 마음을 나타내는 말.
[3]「5」혼잣말로 남을 욕할 때, 그 말과 다름없다는 뜻을 나타내는 말.
[4]추측, 불확실한 단정을 나타내는 말.",,,needs_manual_review,source:level1 grade:1 type:native risk:needs_manual_review
1등급,같아지다,동사,고유어,,같게 되다.,,같게 되다.,,,needs_manual_review,source:level1 grade:1 type:native risk:needs_manual_review
1등급,같이,부사,고유어,,"[Ⅰ]「1」둘 이상의 사람이나 사물이 함께.
[Ⅰ]「2」어떤 상황이나 행동 따위와 다름이 없이.
[Ⅱ]「1」‘앞말이 보이는 전형적인 어떤 특징처럼’의 뜻을 나타내는 격 조사.
[Ⅱ]「2」앞말이 나타내는 그때를 강조하는 격 조사.",,"[Ⅰ]「1」둘 이상의 사람이나 사물이 함께.
[Ⅰ]「2」어떤 상황이나 행동 따위와 다름이 없이.
[Ⅱ]「1」‘앞말이 보이는 전형적인 어떤 특징처럼’의 뜻을 나타내는 격 조사.
[Ⅱ]「2」앞말이 나타내는 그때를 강조하는 격 조사.",,,multi_pos|needs_manual_review,source:level1 grade:1 type:native risk:multi_pos risk:needs_manual_review
1등급,갚다,동사,고유어,,"「1」남에게 빌리거나 꾼 것을 도로 돌려주다.
「2」남에게 진 신세나 품게 된 원한 따위에 대하여 그에 상당하게 돌려주다.",,"「1」남에게 빌리거나 꾼 것을 도로 돌려주다.
「2」남에게 진 신세나 품게 된 원한 따위에 대하여 그에 상당하게 돌려주다.",,,needs_manual_review,source:level1 grade:1 type:native risk:needs_manual_review
1등급,개,명사,고유어,,"「1」갯과의 포유류. 가축으로 사람을 잘 따르고 영리하다. 일반적으로 늑대 따위와 비슷하게 생겼으며 날카로운 이빨이 있다. 냄새를 잘 맡으며 귀가 밝아 사냥이나 군용, 맹인 선도와 마약 및 폭약 탐지에 쓰인다. 전 세계에 걸쳐 모양, 크기, 색깔이 다양한 300여 품종이 있다.
「2」행실이 형편없는 사람을 비속하게 이르는 말.
「3」다른 사람의 앞잡이 노릇을 하는 사람을 낮잡아 이르는 말.",,"「1」갯과의 포유류. 가축으로 사람을 잘 따르고 영리하다. 일반적으로 늑대 따위와 비슷하게 생겼으며 날카로운 이빨이 있다. 냄새를 잘 맡으며 귀가 밝아 사냥이나 군용, 맹인 선도와 마약 및 폭약 탐지에 쓰인다. 전 세계에 걸쳐 모양, 크기, 색깔이 다양한 300여 품종이 있다.
「2」행실이 형편없는 사람을 비속하게 이르는 말.
「3」다른 사람의 앞잡이 노릇을 하는 사람을 낮잡아 이르는 말.",,,needs_manual_review,source:level1 grade:1 type:native risk:needs_manual_review
1등급,개구리,명사,고유어,,"「1」양서강 개구리목의 동물을 통틀어 이르는 말.
「2」개구릿과의 하나. 몸의 길이는 5~9cm이며 대개 녹색을 띤 갈색에 어두운 갈색이나 검은 무늬가 있다. 머리는 세모지고 등 쪽에는 주름과 혹 같은 돌기가 많으며 배는 희거나 누런색이다. 한국, 몽골, 중국, 일본 등지에 분포한다.",,"「1」양서강 개구리목의 동물을 통틀어 이르는 말.
「2」개구릿과의 하나. 몸의 길이는 5~9cm이며 대개 녹색을 띤 갈색에 어두운 갈색이나 검은 무늬가 있다. 머리는 세모지고 등 쪽에는 주름과 혹 같은 돌기가 많으며 배는 희거나 누런색이다. 한국, 몽골, 중국, 일본 등지에 분포한다.",,,needs_manual_review,source:level1 grade:1 type:native risk:needs_manual_review
1등급,개굴개굴,부사,고유어,,개구리가 잇따라 우는 소리.,,개구리가 잇따라 우는 소리.,,,needs_manual_review,source:level1 grade:1 type:native risk:needs_manual_review
1등급,개나리,명사,고유어,,"물푸레나뭇과의 낙엽 활엽 관목. 높이는 2~3미터이며, 잎은 마주난다. 이른 봄에 잎보다 먼저 노란 꽃이 피고 9월에 삭과(蒴果)인 열매를 맺는데, 옴ㆍ여드름ㆍ종기ㆍ연주창 따위에 약재로 쓰인다. 흔히 울타리용으로 재배한다. 우리나라 특산종이고 중국, 일본 등지에는 다른 변종이 분포한다.",,"물푸레나뭇과의 낙엽 활엽 관목. 높이는 2~3미터이며, 잎은 마주난다. 이른 봄에 잎보다 먼저 노란 꽃이 피고 9월에 삭과(蒴果)인 열매를 맺는데, 옴ㆍ여드름ㆍ종기ㆍ연주창 따위에 약재로 쓰인다. 흔히 울타리용으로 재배한다. 우리나라 특산종이고 중국, 일본 등지에는 다른 변종이 분포한다.",,,needs_manual_review,source:level1 grade:1 type:native risk:needs_manual_review
1등급,개나리꽃,명사,고유어,,물푸레나뭇과 개나리의 꽃.,,물푸레나뭇과 개나리의 꽃.,,,needs_manual_review,source:level1 grade:1 type:native risk:needs_manual_review
1등급,개다,동사,고유어,,"「1」옷이나 이부자리 따위를 겹치거나 접어서 단정하게 포개다.
「2」손이나 발 따위를 접어 겹치게 하다.",,"「1」옷이나 이부자리 따위를 겹치거나 접어서 단정하게 포개다.
「2」손이나 발 따위를 접어 겹치게 하다.",,,needs_manual_review,source:level1 grade:1 type:native risk:needs_manual_review
1등급,개미,명사,고유어,,"「1」개밋과의 곤충을 통틀어 이르는 말. 몸은 머리, 가슴, 배로 뚜렷이 구분되는데 허리가 가늘다. 대부분 독침이 없고 배 끝에서 폼산을 방출한다. 여왕개미와 수개미는 날개가 있으나 일개미는 없다. 땅속이나 썩은 나무 속에 집을 짓고 사회생활을 한다. 전 세계에 5,000~1만 종이 분포한다.
「2」주식 시장에서 개인적으로 투자하는 사람.",,"「1」개밋과의 곤충을 통틀어 이르는 말. 몸은 머리, 가슴, 배로 뚜렷이 구분되는데 허리가 가늘다. 대부분 독침이 없고 배 끝에서 폼산을 방출한다. 여왕개미와 수개미는 날개가 있으나 일개미는 없다. 땅속이나 썩은 나무 속에 집을 짓고 사회생활을 한다. 전 세계에 5,000~1만 종이 분포한다.
「2」주식 시장에서 개인적으로 투자하는 사람.",,,needs_manual_review,source:level1 grade:1 type:native risk:needs_manual_review
1등급,개운하다,형용사,고유어,,"「1」기분이나 몸이 상쾌하고 가뜬하다.
「2」음식의 맛이 산뜻하고 시원하다.
「3」바람 따위가 깨끗하고 맑은 느낌이 있어 상쾌하다.",,"「1」기분이나 몸이 상쾌하고 가뜬하다.
「2」음식의 맛이 산뜻하고 시원하다.
「3」바람 따위가 깨끗하고 맑은 느낌이 있어 상쾌하다.",,,needs_manual_review,source:level1 grade:1 type:native risk:needs_manual_review
1등급,개울,명사,고유어,,골짜기나 들에 흐르는 작은 물줄기.,,골짜기나 들에 흐르는 작은 물줄기.,,,needs_manual_review,source:level1 grade:1 type:native risk:needs_manual_review
1등급,갸우뚱하다,동사,고유어,,"[Ⅰ]물체가 한쪽으로 약간 갸울어지다. 또는 그렇게 하다.
[Ⅱ]물체가 한쪽으로 약간 갸울어져 있다.",,"[Ⅰ]물체가 한쪽으로 약간 갸울어지다. 또는 그렇게 하다.
[Ⅱ]물체가 한쪽으로 약간 갸울어져 있다.",,,multi_pos|needs_manual_review,source:level1 grade:1 type:native risk:multi_pos risk:needs_manual_review
1등급,걔,품사없음,고유어,,‘그 아이’가 줄어든 말.,,‘그 아이’가 줄어든 말.,,,needs_manual_review,source:level1 grade:1 type:native risk:needs_manual_review
1등급,거,대명사,고유어,,"[Ⅰ]‘것’을 구어적으로 이르는 말. 서술격 조사 ‘이다’가 붙을 때에는 ‘거다’가 되고, 주격 조사 ‘이’나 보격 조사 ‘이’가 붙을 때에는 ‘게’로 형태가 바뀐다.
[Ⅱ]‘그거’의 준말.",,"[Ⅰ]‘것’을 구어적으로 이르는 말. 서술격 조사 ‘이다’가 붙을 때에는 ‘거다’가 되고, 주격 조사 ‘이’나 보격 조사 ‘이’가 붙을 때에는 ‘게’로 형태가 바뀐다.
[Ⅱ]‘그거’의 준말.",,,multi_pos|needs_manual_review,source:level1 grade:1 type:native risk:multi_pos risk:needs_manual_review
1등급,거기,대명사,고유어,,"「1」듣는 이에게 가까운 곳을 가리키는 지시 대명사.
「2」앞에서 이미 이야기한 곳을 가리키는 지시 대명사.
「3」앞에서 이미 이야기한 대상을 가리키는 지시 대명사.
「4」듣는 이를 조금 낮잡아 이르는 이인칭 대명사.",,"「1」듣는 이에게 가까운 곳을 가리키는 지시 대명사.
「2」앞에서 이미 이야기한 곳을 가리키는 지시 대명사.
「3」앞에서 이미 이야기한 대상을 가리키는 지시 대명사.
「4」듣는 이를 조금 낮잡아 이르는 이인칭 대명사.",,,needs_manual_review,source:level1 grade:1 type:native risk:needs_manual_review
1등급,거꾸로,부사,고유어,,"차례나 방향, 또는 형편 따위가 반대로 되게. ‘가꾸로’보다 큰 느낌을 준다.",,"차례나 방향, 또는 형편 따위가 반대로 되게. ‘가꾸로’보다 큰 느낌을 준다.",,,needs_manual_review,source:level1 grade:1 type:native risk:needs_manual_review
1등급,거리,명사,고유어,,사람이나 차가 많이 다니는 길.,,사람이나 차가 많이 다니는 길.,,,needs_manual_review,source:level1 grade:1 type:native risk:needs_manual_review
1등급,거미,명사,고유어,,"절지동물문 거미강 거미목의 동물을 통틀어 이르는 말. 몸은 머리, 가슴과 배로 구분되며 다리는 네 쌍이고 날개와 더듬이가 없다. 항문 근처에 있는 2~4쌍의 방적돌기에서 진득진득한 실을 뽑아 그물처럼 쳐 놓고 벌레를 잡아먹는다. 전 세계에 약 3만 종이 알려져 있다.",,"절지동물문 거미강 거미목의 동물을 통틀어 이르는 말. 몸은 머리, 가슴과 배로 구분되며 다리는 네 쌍이고 날개와 더듬이가 없다. 항문 근처에 있는 2~4쌍의 방적돌기에서 진득진득한 실을 뽑아 그물처럼 쳐 놓고 벌레를 잡아먹는다. 전 세계에 약 3만 종이 알려져 있다.",,,needs_manual_review,source:level1 grade:1 type:native risk:needs_manual_review
1등급,거미줄,명사,고유어,,"「1」거미가 뽑아낸 줄. 또는 그 줄로 된 그물.
「2」남을 구속하기 위하여 여러 곳에 마련해 둔 함정 따위의 망을 비유적으로 이르는 말.
「3」온돌을 놓을 때, 구들장과 구들장 사이의 틈을 진흙으로 바른 줄.",,"「1」거미가 뽑아낸 줄. 또는 그 줄로 된 그물.
「2」남을 구속하기 위하여 여러 곳에 마련해 둔 함정 따위의 망을 비유적으로 이르는 말.
「3」온돌을 놓을 때, 구들장과 구들장 사이의 틈을 진흙으로 바른 줄.",,,needs_manual_review,source:level1 grade:1 type:native risk:needs_manual_review
1등급,거북,명사,고유어,,"파충강 거북목의 동물을 통틀어 이르는 말. 몸은 타원형으로 납작하며 입은 각질이고 이가 없다. 등과 배에 단단한 딱지가 있어 머리와 꼬리, 지느러미 모양의 네발을 그 안으로 움츠릴 수 있다. 물가의 모래땅에 구멍을 파고 알을 낳는데 전 세계에 300여 종이 분포한다.",,"파충강 거북목의 동물을 통틀어 이르는 말. 몸은 타원형으로 납작하며 입은 각질이고 이가 없다. 등과 배에 단단한 딱지가 있어 머리와 꼬리, 지느러미 모양의 네발을 그 안으로 움츠릴 수 있다. 물가의 모래땅에 구멍을 파고 알을 낳는데 전 세계에 300여 종이 분포한다.",,,needs_manual_review,source:level1 grade:1 type:native risk:needs_manual_review
1등급,거북이,명사,고유어,,‘거북02’을 일상적으로 이르는 말.,,‘거북02’을 일상적으로 이르는 말.,,,needs_manual_review,source:level1 grade:1 type:native risk:needs_manual_review
1등급,거세다,형용사,고유어,,"「1」사물의 기세 따위가 몹시 거칠고 세차다.
「2」성격 따위가 거칠고 억세다.
「3」목소리가 크고 힘차다.
「4」편안하거나 순탄하지 아니하다.
「5」어떤 세력이나 주장 따위가 크고 강하다.",,"「1」사물의 기세 따위가 몹시 거칠고 세차다.
「2」성격 따위가 거칠고 억세다.
「3」목소리가 크고 힘차다.
「4」편안하거나 순탄하지 아니하다.
「5」어떤 세력이나 주장 따위가 크고 강하다.",,,needs_manual_review,source:level1 grade:1 type:native risk:needs_manual_review
1등급,거울,명사,고유어,,"「1」빛의 반사를 이용하여 물체의 모양을 비추어 보는 물건. 옛날에는 구리나 돌을 매끄럽게 갈아서 만들었는데, 지금은 보통 유리 뒤쪽에 아말감을 발라 만든다.
「2」어떤 사실을 그대로 드러내거나 보여 주는 것을 비유적으로 이르는 말.
「3」모범이나 교훈이 될 만한 것.",,"「1」빛의 반사를 이용하여 물체의 모양을 비추어 보는 물건. 옛날에는 구리나 돌을 매끄럽게 갈아서 만들었는데, 지금은 보통 유리 뒤쪽에 아말감을 발라 만든다.
「2」어떤 사실을 그대로 드러내거나 보여 주는 것을 비유적으로 이르는 말.
「3」모범이나 교훈이 될 만한 것.",,,needs_manual_review,source:level1 grade:1 type:native risk:needs_manual_review
1등급,거의,명사,고유어,,"[Ⅰ]어느 한도에 매우 가까운 정도.
[Ⅱ]어느 한도에 매우 가까운 정도로.",,"[Ⅰ]어느 한도에 매우 가까운 정도.
[Ⅱ]어느 한도에 매우 가까운 정도로.",,,multi_pos|needs_manual_review,source:level1 grade:1 type:native risk:multi_pos risk:needs_manual_review
1등급,거지,명사,고유어,,"「1」남에게 빌어먹고 사는 사람.
「2」사람을 욕하여 이르는 말.",,"「1」남에게 빌어먹고 사는 사람.
「2」사람을 욕하여 이르는 말.",,,needs_manual_review,source:level1 grade:1 type:native risk:needs_manual_review
